recipe_id,flavour_profile
218396,Refreshing
44087,Bitter
41914,Bitter
403126,Bitter
8817,Bitter
159961,Bitter
244862,Bitter
304710,Bitter
216271,Bitter
173889,Bitter
114420,Bitter
310386,Bitter
236936,Bitter
114084,Bitter
195685,Bitter
343465,Bitter
171706,Bitter
77793,Bitter
363399,Bitter
427787,Bitter
292473,Bitter
71980,Bitter
330844,Bitter
298018,Bitter
14450,Bitter
326342,Bitter
304849,Bitter
361961,Bitter
358492,Bitter
161969,Bitter
326374,Bitter
362953,Bitter
438853,Bitter
331226,Bitter
412571,Bitter
94620,Bitter
424478,Bitter
527471,Bitter
475261,Bitter
246063,Bitter
103136,Bitter
115415,Bitter
176776,Bitter
423038,Bitter
310384,Bitter
178647,Bitter
252356,Bitter
201792,Bitter
352469,Bitter
163967,Bitter
422490,Bitter
367978,Bitter
245066,Bitter
220406,Bitter
251571,Bitter
171835,Bitter
303294,Bitter
232665,Bitter
15897,Bitter
284161,Bitter
157184,Bitter
429563,Bitter
188653,Bitter
366756,Bitter
143562,Bitter
189565,Bitter
68501,Bitter
314137,Bitter
248599,Bitter
507750,Bitter
373146,Bitter
306110,Bitter
370066,Bitter
238072,Bitter
266063,Bitter
116784,Bitter
330088,Bitter
497110,Bitter
276388,Bitter
369734,Bitter
114867,Bitter
8877,Bitter
477446,Bitter
277332,Bitter
104034,Bitter
283668,Bitter
240117,Bitter
72348,Bitter
503967,Bitter
431017,Bitter
271875,Bitter
237736,Bitter
364163,Bitter
244915,Bitter
124210,Bitter
372934,Bitter
379537,Bitter
140632,Bitter
279922,Bitter
115762,Bitter
301584,Bitter
444189,Bitter
307507,Bitter
242818,Bitter
213192,Bitter
114942,Bitter
429260,Bitter
373358,Bitter
296527,Bitter
88307,Bitter
8433,Bitter
18458,Bitter
427585,Bitter
8821,Bitter
8823,Bitter
269801,Bitter
308774,Bitter
261289,Bitter
256241,Bitter
56764,Bitter
237738,Bitter
162638,Bitter
464046,Bitter
270574,Bitter
15894,Bitter
432456,Bitter
215721,Bitter
60093,Bitter
202914,Bitter
280878,Bitter
340431,Bitter
457002,Bitter
320675,Mellow
100307,Caramelly
291645,Caramelly
71483,Caramelly
342951,Caramelly
249323,Caramelly
119111,Caramelly
246665,Caramelly
403067,Caramelly
15892,Caramelly
291262,Caramelly
43218,Caramelly
234915,Caramelly
456698,Caramelly
190430,Caramelly
320541,Caramelly
369772,Caramelly
422492,Caramelly
340670,Caramelly
213052,Caramelly
284512,Caramelly
284368,Caramelly
336382,Caramelly
186380,Caramelly
185025,Caramelly
15895,Caramelly
32470,Caramelly
130078,Caramelly
389811,Caramelly
184348,Caramelly
214530,Caramelly
261885,Caramelly
253785,Caramelly
180199,Caramelly
510593,Caramelly
44309,Caramelly
15420,Caramelly
214527,Caramelly
108094,Caramelly
411516,Caramelly
297460,Caramelly
274360,Caramelly
216275,Caramelly
254923,Caramelly
146046,Caramelly
15527,Caramelly
293261,Caramelly
329227,Caramelly
216277,Caramelly
213481,Caramelly
459762,Caramelly
291327,Caramelly
258615,Chocolatey
95511,Chocolatey
485835,Chocolatey
270685,Chocolatey
61912,Chocolatey
279997,Chocolatey
280036,Chocolatey
177548,Chocolatey
251087,Chocolatey
293079,Chocolatey
255277,Chocolatey
292378,Chocolatey
42760,Chocolatey
66914,Chocolatey
345038,Chocolatey
278918,Chocolatey
299068,Chocolatey
260303,Chocolatey
113658,Chocolatey
147338,Chocolatey
367137,Chocolatey
507169,Chocolatey
460774,Chocolatey
334394,Chocolatey
261770,Chocolatey
292164,Chocolatey
537459,Chocolatey
389300,Chocolatey
390984,Chocolatey
242761,Chocolatey
391786,Chocolatey
280658,Chocolatey
93704,Chocolatey
220265,Chocolatey
220202,Chocolatey
85012,Chocolatey
87176,Chocolatey
386362,Chocolatey
303753,Chocolatey
258558,Chocolatey
80100,Chocolatey
217537,Chocolatey
173567,Chocolatey
177688,Chocolatey
322972,Chocolatey
377198,Chocolatey
278809,Chocolatey
297677,Chocolatey
187322,Chocolatey
457294,Chocolatey
29674,Chocolatey
72387,Chocolatey
297608,Chocolatey
457814,Chocolatey
199217,Chocolatey
16178,Chocolatey
128993,Chocolatey
292966,Chocolatey
338167,Chocolatey
273863,Chocolatey
286697,Chocolatey
212632,Chocolatey
213193,Chocolatey
189124,Chocolatey
342796,Chocolatey
346565,Chocolatey
77035,Chocolatey
185231,Chocolatey
338895,Chocolatey
214841,Chocolatey
359506,Chocolatey
339046,Chocolatey
188985,Chocolatey
271115,Chocolatey
355508,Chocolatey
41008,Chocolatey
266501,Chocolatey
194433,Chocolatey
284868,Chocolatey
376858,Chocolatey
215522,Chocolatey
342793,Chocolatey
67982,Chocolatey
297723,Chocolatey
53768,Chocolatey
46094,Chocolatey
455231,Chocolatey
59691,Chocolatey
217529,Chocolatey
227058,Chocolatey
144941,Chocolatey
198620,Chocolatey
457273,Chocolatey
17122,Chocolatey
243500,Chocolatey
271395,Chocolatey
330156,Chocolatey
276098,Chocolatey
220263,Chocolatey
259325,Chocolatey
59381,Chocolatey
272173,Chocolatey
280875,Chocolatey
177402,Chocolatey
361334,Chocolatey
355161,Chocolatey
56220,Chocolatey
238533,Chocolatey
144966,Chocolatey
219732,Chocolatey
235219,Chocolatey
161086,Chocolatey
322039,Chocolatey
194977,Chocolatey
237205,Chocolatey
237878,Chocolatey
276285,Chocolatey
29557,Chocolatey
255435,Chocolatey
212298,Chocolatey
163969,Chocolatey
217531,Chocolatey
64915,Chocolatey
186204,Chocolatey
270453,Chocolatey
65864,Chocolatey
48276,Chocolatey
219828,Chocolatey
62973,Chocolatey
269750,Chocolatey
334392,Chocolatey
379450,Chocolatey
168631,Chocolatey
323109,Chocolatey
266559,Chocolatey
255238,Chocolatey
397123,Chocolatey
66402,Chocolatey
291493,Chocolatey
219711,Chocolatey
284372,Chocolatey
293334,Chocolatey
89269,Chocolatey
143443,Chocolatey
427192,Chocolatey
279304,Chocolatey
188019,Chocolatey
334809,Chocolatey
167748,Chocolatey
55917,Chocolatey
219520,Chocolatey
359524,Chocolatey
238867,Chocolatey
75602,Chocolatey
164149,Chocolatey
103757,Chocolatey
451251,Chocolatey
121343,Chocolatey
261374,Chocolatey
216941,Chocolatey
256088,Chocolatey
185896,Chocolatey
422823,Chocolatey
219830,Chocolatey
229172,Chocolatey
407442,Chocolatey
306718,Chocolatey
159845,Chocolatey
320563,Chocolatey
297929,Chocolatey
198618,Chocolatey
144946,Chocolatey
198616,Chocolatey
238205,Chocolatey
291105,Chocolatey
460299,Chocolatey
299785,Chocolatey
186470,Chocolatey
32230,Chocolatey
14103,Chocolatey
127586,Citrusy
22911,Citrusy
137568,Citrusy
210661,Citrusy
508443,Citrusy
63769,Citrusy
340955,Citrusy
321212,Citrusy
271492,Citrusy
297788,Citrusy
249911,Citrusy
474285,Citrusy
120804,Citrusy
249382,Citrusy
218924,Citrusy
421235,Citrusy
318071,Citrusy
426189,Citrusy
28502,Citrusy
8826,Citrusy
250286,Citrusy
105939,Citrusy
232376,Citrusy
286409,Citrusy
374334,Citrusy
311166,Citrusy
505624,Citrusy
16337,Citrusy
367531,Citrusy
71873,Citrusy
217358,Citrusy
391882,Citrusy
95987,Citrusy
55931,Citrusy
296893,Citrusy
132183,Citrusy
487606,Citrusy
169350,Citrusy
392133,Citrusy
379355,Citrusy
72203,Citrusy
258839,Citrusy
191154,Citrusy
325916,Citrusy
485507,Citrusy
453425,Citrusy
211811,Citrusy
284939,Citrusy
57891,Citrusy
75599,Citrusy
233174,Citrusy
285061,Citrusy
322992,Citrusy
169027,Citrusy
308796,Citrusy
210587,Citrusy
450348,Citrusy
92704,Citrusy
304867,Citrusy
312347,Citrusy
178277,Citrusy
291785,Citrusy
386195,Citrusy
51265,Citrusy
246275,Citrusy
224746,Citrusy
430398,Citrusy
355046,Citrusy
142687,Citrusy
127375,Citrusy
259778,Citrusy
53816,Citrusy
377954,Citrusy
322233,Citrusy
310813,Citrusy
414739,Citrusy
166537,Citrusy
234517,Citrusy
302918,Citrusy
169601,Citrusy
64855,Citrusy
200461,Citrusy
32797,Citrusy
166111,Citrusy
503962,Citrusy
469232,Citrusy
8870,Citrusy
284859,Citrusy
197484,Citrusy
307926,Citrusy
66952,Citrusy
439375,Citrusy
74124,Citrusy
242162,Citrusy
504576,Citrusy
378041,Citrusy
300553,Citrusy
313946,Citrusy
220994,Citrusy
420640,Citrusy
269767,Citrusy
171953,Citrusy
346375,Citrusy
411014,Citrusy
419427,Citrusy
65257,Citrusy
423603,Citrusy
222933,Citrusy
35215,Citrusy
250154,Citrusy
55993,Citrusy
252154,Citrusy
448800,Citrusy
449905,Citrusy
234243,Citrusy
101464,Citrusy
84418,Citrusy
394825,Citrusy
59091,Citrusy
517983,Citrusy
418159,Citrusy
85641,Citrusy
223824,Citrusy
317142,Citrusy
336877,Citrusy
392522,Citrusy
60552,Citrusy
288082,Citrusy
473078,Citrusy
286262,Citrusy
58848,Citrusy
102621,Citrusy
68262,Citrusy
235169,Citrusy
228748,Citrusy
172463,Citrusy
219718,Citrusy
60281,Citrusy
249833,Citrusy
318203,Citrusy
314099,Citrusy
366865,Citrusy
101022,Citrusy
307153,Citrusy
429562,Citrusy
8842,Citrusy
222615,Citrusy
235172,Citrusy
279919,Citrusy
57017,Citrusy
278048,Citrusy
242235,Citrusy
440931,Citrusy
91182,Citrusy
342723,Citrusy
245851,Citrusy
369597,Citrusy
328490,Citrusy
133143,Citrusy
364344,Citrusy
171865,Citrusy
299299,Citrusy
59068,Citrusy
430397,Citrusy
504734,Citrusy
377956,Citrusy
367563,Citrusy
169028,Citrusy
140035,Citrusy
315945,Citrusy
194687,Citrusy
427790,Citrusy
144918,Citrusy
302109,Citrusy
341159,Citrusy
375148,Citrusy
226101,Citrusy
235374,Citrusy
280127,Citrusy
57833,Citrusy
423875,Citrusy
162990,Citrusy
254488,Citrusy
177981,Citrusy
263386,Citrusy
527696,Citrusy
310390,Creamy
185278,Creamy
213049,Creamy
469158,Creamy
289578,Creamy
58495,Creamy
184631,Creamy
211060,Creamy
280954,Creamy
219437,Creamy
403742,Creamy
146850,Creamy
309952,Creamy
303443,Creamy
253302,Creamy
45629,Creamy
254950,Creamy
292695,Creamy
290974,Creamy
413258,Creamy
173659,Creamy
205566,Creamy
148471,Creamy
264935,Creamy
141866,Creamy
350916,Creamy
397503,Creamy
261312,Creamy
322556,Creamy
296520,Creamy
105801,Creamy
340839,Creamy
238865,Creamy
248089,Creamy
226606,Creamy
36814,Creamy
103322,Creamy
166586,Creamy
205571,Creamy
327111,Creamy
424653,Creamy
304851,Creamy
119694,Creamy
244297,Creamy
213530,Creamy
450984,Creamy
28381,Creamy
338833,Creamy
223066,Creamy
142883,Creamy
297873,Creamy
298773,Creamy
351516,Creamy
214514,Creamy
214525,Creamy
65931,Creamy
456752,Creamy
288802,Creamy
300355,Creamy
260905,Creamy
455558,Creamy
507166,Creamy
147700,Creamy
490045,Creamy
70644,Creamy
305058,Creamy
180217,Creamy
289213,Creamy
157584,Creamy
185488,Creamy
279095,Creamy
262499,Creamy
184658,Creamy
245515,Creamy
170918,Creamy
257254,Creamy
425179,Creamy
170329,Creamy
294528,Creamy
468812,Creamy
284469,Refreshing
336616,Refreshing
385819,Flowery
252915,Flowery
188159,Flowery
272914,Flowery
501733,Flowery
302912,Flowery
300047,Flowery
448585,Flowery
385609,Flowery
302917,Flowery
367483,Flowery
451374,Flowery
357218,Flowery
417846,Flowery
472931,Flowery
384077,Flowery
218933,Flowery
503512,Refreshing
307488,Refreshing
49307,Refreshing
239206,Refreshing
182985,Fruity
259553,Fruity
280085,Fruity
143278,Fruity
205275,Fruity
293474,Fruity
33145,Fruity
326426,Fruity
91061,Fruity
32431,Fruity
245510,Fruity
369876,Fruity
302262,Fruity
203720,Fruity
56127,Fruity
360468,Fruity
69309,Fruity
203707,Fruity
7859,Fruity
213066,Fruity
8867,Fruity
485796,Fruity
457394,Fruity
335442,Fruity
297551,Fruity
225953,Fruity
136231,Fruity
267726,Fruity
34923,Fruity
185304,Fruity
282963,Fruity
291650,Fruity
103575,Fruity
327132,Fruity
376026,Fruity
228565,Fruity
34268,Fruity
171058,Fruity
329634,Fruity
25693,Fruity
323124,Fruity
163173,Fruity
260302,Fruity
246834,Fruity
90997,Fruity
58014,Fruity
150561,Fruity
179684,Fruity
314055,Fruity
68882,Fruity
56272,Fruity
33907,Fruity
258580,Fruity
228816,Fruity
235738,Fruity
61625,Fruity
406460,Fruity
35031,Fruity
118563,Fruity
130980,Fruity
111316,Fruity
288225,Fruity
263453,Fruity
155278,Fruity
264932,Fruity
346428,Fruity
308854,Fruity
258874,Fruity
250230,Fruity
471542,Fruity
432142,Fruity
179151,Fruity
428485,Fruity
307305,Fruity
274733,Fruity
267594,Fruity
285503,Fruity
223670,Fruity
243093,Fruity
251237,Fruity
61105,Fruity
238626,Fruity
231631,Fruity
293254,Fruity
276995,Fruity
372141,Fruity
82757,Fruity
347477,Fruity
183441,Fruity
474056,Fruity
311742,Fruity
250667,Fruity
423587,Fruity
257713,Fruity
456250,Fruity
146320,Fruity
263116,Fruity
369727,Fruity
67970,Fruity
344165,Fruity
135777,Fruity
360083,Fruity
33556,Fruity
391727,Fruity
480284,Fruity
459050,Fruity
147745,Fruity
250196,Fruity
343105,Fruity
362947,Fruity
457386,Fruity
223788,Fruity
292311,Fruity
364348,Fruity
254567,Fruity
8827,Fruity
423059,Fruity
260237,Fruity
239442,Fruity
179682,Fruity
226122,Fruity
266523,Fruity
65483,Fruity
65098,Fruity
373046,Fruity
274548,Fruity
214824,Fruity
282170,Fruity
248572,Fruity
254932,Fruity
450575,Fruity
291778,Fruity
64464,Fruity
62607,Fruity
314717,Fruity
216034,Fruity
144298,Fruity
238973,Fruity
160184,Fruity
162171,Fruity
163247,Fruity
226113,Fruity
91804,Fruity
149132,Fruity
234922,Fruity
222563,Fruity
45767,Fruity
322111,Fruity
100882,Fruity
183660,Fruity
391956,Fruity
215229,Fruity
227220,Fruity
209078,Fruity
277266,Fruity
162785,Fruity
26298,Fruity
330609,Fruity
342050,Fruity
111930,Fruity
329774,Fruity
173555,Fruity
277390,Fruity
164183,Fruity
114396,Fruity
422928,Fruity
215764,Fruity
362223,Fruity
250009,Fruity
37791,Fruity
376402,Fruity
225318,Fruity
265951,Fruity
43474,Fruity
305756,Fruity
236109,Fruity
185411,Fruity
322532,Fruity
279303,Fruity
65909,Fruity
347791,Fruity
353387,Fruity
316084,Fruity
433355,Fruity
369072,Fruity
224745,Fruity
36020,Fruity
320268,Fruity
245069,Fruity
118740,Fruity
276593,Fruity
269785,Fruity
456586,Fruity
72979,Fruity
101117,Fruity
279468,Fruity
327232,Fruity
176311,Fruity
449518,Fruity
370788,Fruity
18215,Fruity
326800,Fruity
257260,Fruity
172111,Fruity
127209,Fruity
419633,Fruity
229789,Fruity
263563,Fruity
63677,Fruity
249716,Fruity
222022,Fruity
272139,Fruity
319227,Fruity
232785,Fruity
349403,Fruity
193556,Fruity
372641,Fruity
122066,Fruity
222537,Fruity
14688,Fruity
148504,Fruity
291958,Fruity
239761,Fruity
80878,Fruity
301489,Fruity
48342,Fruity
274877,Fruity
177984,Fruity
40675,Fruity
457973,Fruity
285084,Fruity
429904,Fruity
118310,Fruity
412102,Fruity
97920,Fruity
68617,Fruity
115398,Fruity
172527,Fruity
82524,Fruity
96271,Fruity
129960,Fruity
203712,Fruity
293919,Fruity
93986,Fruity
105887,Fruity
294569,Fruity
372831,Fruity
455118,Fruity
120662,Fruity
263914,Fruity
82786,Fruity
513093,Fruity
231666,Fruity
291135,Fruity
100949,Fruity
359507,Fruity
308225,Fruity
307702,Fruity
404877,Fruity
335437,Fruity
37175,Fruity
341979,Fruity
194202,Fruity
249188,Fruity
369931,Fruity
310560,Fruity
346397,Fruity
230925,Fruity
64974,Fruity
133701,Fruity
189491,Fruity
259957,Fruity
253291,Fruity
446087,Fruity
522941,Fruity
277124,Fruity
155047,Fruity
137963,Fruity
93331,Fruity
338179,Fruity
291718,Fruity
101353,Fruity
83416,Fruity
364304,Fruity
436863,Fruity
305385,Fruity
337005,Fruity
281101,Fruity
214825,Fruity
245705,Fruity
271316,Fruity
370843,Fruity
255446,Fruity
96226,Fruity
93873,Fruity
396736,Fruity
92004,Fruity
237334,Fruity
16613,Fruity
457385,Fruity
135442,Fruity
265901,Fruity
369377,Fruity
262974,Fruity
139129,Fruity
190889,Fruity
503051,Fruity
147530,Fruity
452032,Fruity
433560,Fruity
504698,Fruity
239911,Fruity
483578,Fruity
372867,Fruity
251229,Fruity
502258,Fruity
485158,Fruity
277938,Fruity
73658,Fruity
31471,Fruity
231517,Fruity
226456,Fruity
76215,Fruity
354084,Fruity
37208,Fruity
328493,Fruity
86655,Fruity
129985,Fruity
45419,Fruity
56179,Fruity
267788,Fruity
318377,Fruity
269524,Fruity
166995,Fruity
143265,Fruity
332261,Fruity
15719,Fruity
480551,Fruity
310583,Fruity
318759,Fruity
480872,Fruity
116137,Fruity
432065,Fruity
437354,Fruity
100344,Fruity
251804,Fruity
128186,Fruity
67415,Fruity
386347,Fruity
292887,Fruity
306880,Fruity
491628,Fruity
271019,Fruity
301042,Fruity
68853,Fruity
427188,Fruity
241815,Fruity
270195,Fruity
282958,Fruity
322466,Fruity
378679,Fruity
231399,Fruity
314122,Fruity
225551,Fruity
143563,Fruity
309521,Fruity
214317,Fruity
32827,Fruity
334432,Fruity
326404,Fruity
314283,Fruity
248610,Fruity
422556,Fruity
212118,Fruity
288645,Fruity
96247,Fruity
262501,Fruity
174216,Fruity
295920,Fruity
172079,Fruity
207825,Fruity
383146,Fruity
480683,Fruity
222261,Fruity
34731,Fruity
283673,Fruity
166020,Fruity
329032,Fruity
250673,Fruity
356522,Fruity
263304,Fruity
40676,Fruity
95138,Fruity
286056,Fruity
315660,Fruity
355041,Fruity
244564,Fruity
342758,Fruity
22992,Fruity
255324,Fruity
83459,Fruity
530752,Fruity
450682,Fruity
62157,Fruity
272604,Fruity
503054,Fruity
407538,Fruity
287495,Fruity
58010,Fruity
250770,Fruity
315810,Fruity
429202,Fruity
382866,Fruity
254398,Fruity
367596,Fruity
304839,Fruity
456761,Fruity
15298,Fruity
3450,Fruity
306763,Fruity
374873,Fruity
173759,Fruity
126943,Fruity
320265,Fruity
351640,Fruity
163103,Fruity
284840,Fruity
280793,Fruity
469334,Fruity
356089,Fruity
474837,Fruity
307041,Fruity
324288,Fruity
172701,Fruity
100837,Fruity
382538,Fruity
373197,Fruity
156004,Fruity
298110,Fruity
218913,Fruity
260283,Fruity
216317,Fruity
353771,Fruity
149782,Fruity
384779,Fruity
348817,Fruity
371056,Fruity
471023,Fruity
95665,Fruity
304534,Fruity
217467,Fruity
146718,Fruity
170931,Fruity
223820,Fruity
242901,Fruity
163176,Fruity
274068,Fruity
258940,Fruity
12011,Fruity
73631,Fruity
264964,Fruity
199299,Fruity
183189,Fruity
66501,Fruity
318635,Fruity
210991,Fruity
269536,Fruity
262144,Fruity
300059,Fruity
104016,Fruity
280302,Fruity
199311,Fruity
261313,Fruity
433215,Fruity
340203,Fruity
27887,Fruity
256885,Fruity
456117,Fruity
365444,Fruity
56184,Fruity
107177,Fruity
319934,Fruity
164177,Fruity
198884,Fruity
251253,Fruity
281119,Fruity
457969,Fruity
169947,Fruity
55903,Fruity
469617,Fruity
347739,Fruity
291394,Fruity
193601,Fruity
297466,Fruity
273893,Fruity
277994,Fruity
135026,Fruity
59542,Fruity
425678,Fruity
54581,Fruity
327267,Fruity
183578,Fruity
214508,Fruity
412552,Fruity
16047,Fruity
226886,Fruity
374204,Fruity
183440,Fruity
179385,Fruity
347329,Fruity
25891,Fruity
78745,Fruity
188017,Fruity
465032,Fruity
118370,Fruity
405931,Fruity
479707,Fruity
87512,Fruity
373262,Fruity
246835,Fruity
335967,Fruity
324269,Fruity
297718,Fruity
179610,Fruity
247476,Fruity
150729,Fruity
28934,Fruity
282279,Fruity
348292,Fruity
36536,Fruity
104082,Fruity
264073,Fruity
30212,Fruity
31578,Fruity
423850,Fruity
321643,Fruity
262317,Fruity
381172,Fruity
326236,Fruity
36341,Fruity
105919,Fruity
392352,Fruity
423846,Fruity
96210,Fruity
25691,Fruity
299412,Fruity
108520,Fruity
149649,Fruity
208137,Fruity
191348,Fruity
290742,Fruity
388321,Fruity
54765,Fruity
298917,Fruity
192007,Fruity
271569,Fruity
364198,Fruity
460133,Fruity
194278,Fruity
227345,Fruity
123907,Fruity
428476,Fruity
252801,Fruity
342791,Fruity
347701,Fruity
229110,Fruity
504731,Fruity
178445,Fruity
157669,Fruity
183971,Fruity
91495,Fruity
191976,Fruity
47526,Fruity
247473,Fruity
321913,Fruity
469798,Fruity
210404,Fruity
284327,Fruity
135741,Fruity
210408,Fruity
104049,Fruity
343226,Fruity
199314,Fruity
171867,Fruity
368115,Fruity
383260,Fruity
517982,Fruity
167417,Fruity
149843,Fruity
128488,Fruity
325624,Fruity
67969,Fruity
57684,Fruity
440382,Fruity
66502,Fruity
368121,Fruity
135638,Fruity
394070,Fruity
58301,Fruity
303968,Fruity
96272,Fruity
405674,Fruity
347635,Fruity
171513,Fruity
429052,Fruity
250765,Fruity
252450,Fruity
244939,Fruity
368735,Fruity
297524,Fruity
321420,Fruity
370256,Fruity
232298,Fruity
299048,Fruity
238942,Fruity
104180,Fruity
227126,Fruity
32775,Fruity
48815,Fruity
468871,Fruity
299648,Fruity
262409,Fruity
168574,Fruity
218825,Fruity
351318,Fruity
277697,Fruity
425215,Fruity
173868,Fruity
342719,Fruity
228817,Fruity
64596,Fruity
360805,Fruity
61867,Fruity
239270,Fruity
273250,Fruity
279155,Fruity
34644,Fruity
280457,Fruity
110030,Fruity
94928,Fruity
421149,Fruity
284498,Fruity
224777,Fruity
349395,Fruity
284564,Fruity
65462,Fruity
286330,Fruity
249512,Fruity
364159,Fruity
56210,Fruity
121884,Fruity
286998,Fruity
179958,Fruity
409704,Fruity
108621,Fruity
147818,Fruity
274757,Fruity
380797,Fruity
256233,Fruity
116965,Fruity
346981,Fruity
123555,Fruity
321531,Fruity
467493,Fruity
234746,Fruity
65761,Fruity
449287,Fruity
71103,Fruity
177321,Fruity
237475,Fruity
121754,Fruity
480228,Fruity
100966,Fruity
318559,Fruity
319511,Fruity
81161,Fruity
243155,Fruity
203873,Fruity
264088,Fruity
165199,Fruity
61623,Fruity
365738,Fruity
285731,Fruity
161976,Fruity
46821,Fruity
328457,Fruity
315839,Fruity
323108,Fruity
280251,Fruity
183835,Fruity
279527,Fruity
80079,Fruity
423593,Fruity
33913,Fruity
242165,Fruity
343810,Fruity
356449,Fruity
455371,Fruity
141333,Fruity
368021,Fruity
30029,Fruity
281565,Fruity
210450,Fruity
88431,Fruity
204915,Fruity
308246,Fruity
169948,Fruity
342922,Fruity
447488,Fruity
167343,Fruity
458193,Fruity
292935,Fruity
188398,Fruity
383826,Fruity
465206,Fruity
53796,Fruity
219927,Fruity
259045,Fruity
75557,Fruity
349398,Fruity
230023,Fruity
253661,Fruity
118253,Fruity
208159,Fruity
369929,Fruity
179351,Fruity
457387,Fruity
95155,Fruity
293763,Fruity
369218,Fruity
372956,Fruity
217400,Fruity
66869,Fruity
15764,Fruity
33284,Fruity
23098,Fruity
229344,Fruity
98222,Fruity
265045,Fruity
312212,Fruity
347627,Fruity
244860,Fruity
33311,Fruity
65298,Fruity
367779,Fruity
293757,Fruity
172384,Fruity
60693,Fruity
270160,Fruity
173252,Fruity
122141,Fruity
319955,Fruity
315008,Fruity
353561,Fruity
297563,Fruity
373079,Fruity
362242,Fruity
430906,Fruity
270535,Fruity
295425,Fruity
247147,Fruity
91517,Fruity
413544,Fruity
167995,Fruity
288799,Fruity
310371,Fruity
348151,Fruity
187628,Fruity
35477,Fruity
133363,Fruity
94997,Fruity
102098,Fruity
328614,Fruity
180755,Fruity
132593,Fruity
232848,Fruity
131259,Fruity
299843,Fruity
310497,Fruity
454534,Fruity
308145,Fruity
20493,Fruity
275351,Fruity
428490,Fruity
322419,Fruity
375066,Fruity
16310,Fruity
345053,Fruity
312109,Fruity
94929,Fruity
74104,Fruity
326815,Fruity
58637,Fruity
30787,Fruity
93985,Fruity
305014,Fruity
307878,Fruity
33974,Fruity
134111,Fruity
377965,Fruity
322980,Fruity
246557,Fruity
359371,Fruity
49248,Fruity
86969,Fruity
457044,Fruity
251288,Fruity
353067,Fruity
252597,Fruity
321260,Fruity
175724,Fruity
203716,Fruity
329635,Fruity
437324,Fruity
482425,Fruity
169082,Fruity
171820,Fruity
181412,Fruity
245505,Fruity
302321,Fruity
340204,Fruity
360543,Fruity
230337,Fruity
24783,Fruity
34207,Fruity
183558,Fruity
269816,Fruity
403920,Fruity
359515,Fruity
171391,Fruity
251811,Fruity
325539,Fruity
257462,Fruity
160503,Fruity
252512,Fruity
185611,Fruity
109601,Fruity
311481,Fruity
483707,Fruity
270211,Fruity
171819,Fruity
291385,Fruity
373691,Fruity
474510,Fruity
374168,Fruity
8533,Fruity
366874,Fruity
259718,Fruity
462640,Fruity
188012,Fruity
58011,Fruity
370431,Fruity
203157,Fruity
457699,Fruity
471404,Fruity
291518,Fruity
367560,Fruity
313033,Fruity
122060,Fruity
358159,Fruity
251222,Fruity
491394,Fruity
244952,Fruity
101669,Fruity
39817,Fruity
177603,Fruity
406227,Fruity
32832,Fruity
231186,Fruity
178125,Fruity
56416,Fruity
222589,Fruity
370206,Fruity
48530,Fruity
422484,Fruity
231301,Fruity
297614,Fruity
270263,Fruity
321910,Fruity
236027,Fruity
176337,Fruity
234432,Fruity
50807,Fruity
347144,Fruity
35412,Fruity
313090,Fruity
347629,Fruity
375349,Fruity
504575,Fruity
67665,Fruity
255819,Fruity
87530,Fruity
73640,Fruity
264270,Fruity
263764,Fruity
80137,Fruity
240614,Fruity
61503,Fruity
298914,Fruity
322880,Fruity
248606,Fruity
60115,Fruity
289786,Fruity
345266,Fruity
129524,Fruity
273104,Fruity
170783,Fruity
335570,Fruity
286413,Fruity
52555,Fruity
469728,Fruity
206556,Fruity
164657,Fruity
353397,Fruity
283180,Fruity
45717,Fruity
149514,Fruity
433378,Fruity
292834,Fruity
425639,Fruity
93606,Fruity
334090,Fruity
59356,Fruity
87298,Fruity
424708,Fruity
19440,Fruity
310340,Fruity
176609,Fruity
453048,Fruity
96393,Fruity
67009,Fruity
348823,Fruity
213182,Fruity
271549,Fruity
197977,Fruity
48814,Fruity
359496,Fruity
45758,Fruity
29444,Fruity
353588,Fruity
372846,Fruity
57841,Fruity
433278,Fruity
383823,Fruity
416893,Fruity
240397,Fruity
245847,Fruity
280636,Fruity
236354,Fruity
253070,Fruity
295824,Fruity
246690,Fruity
269613,Fruity
350792,Fruity
381666,Fruity
270483,Fruity
96868,Fruity
94909,Fruity
346236,Fruity
33207,Fruity
406071,Fruity
56732,Fruity
446489,Fruity
93110,Fruity
423077,Fruity
69522,Fruity
123414,Fruity
465211,Fruity
272175,Fruity
248864,Fruity
133342,Fruity
291571,Fruity
248480,Fruity
461521,Fruity
260323,Fruity
413505,Fruity
254185,Fruity
250297,Fruity
258880,Fruity
241637,Fruity
202547,Fruity
315595,Fruity
410606,Fruity
49318,Fruity
270811,Fruity
217396,Fruity
154685,Fruity
255370,Fruity
347103,Fruity
299938,Fruity
82525,Fruity
94160,Fruity
98912,Fruity
451461,Fruity
457832,Fruity
373923,Fruity
267544,Fruity
290710,Fruity
194124,Fruity
334482,Fruity
263566,Fruity
312860,Fruity
8440,Fruity
65785,Fruity
255838,Fruity
57385,Fruity
12791,Fruity
55053,Fruity
54360,Fruity
223621,Fruity
232823,Fruity
342031,Fruity
131000,Fruity
174273,Fruity
39159,Fruity
417539,Fruity
268007,Fruity
189180,Fruity
401931,Fruity
67011,Fruity
228362,Fruity
248472,Fruity
470687,Fruity
269261,Fruity
457711,Fruity
278197,Fruity
273860,Fruity
455724,Fruity
311646,Fruity
284442,Fruity
95673,Fruity
123026,Fruity
70300,Fruity
190152,Fruity
347777,Fruity
290370,Fruity
408048,Fruity
250787,Fruity
232769,Fruity
260608,Fruity
357100,Fruity
304651,Fruity
30060,Fruity
250766,Fruity
126180,Fruity
222568,Fruity
258407,Fruity
200740,Fruity
143752,Fruity
173984,Fruity
369550,Fruity
222053,Fruity
477292,Fruity
450729,Fruity
19437,Fruity
253286,Fruity
175183,Fruity
231025,Fruity
350019,Fruity
294753,Fruity
309526,Fruity
193560,Fruity
185477,Fruity
506895,Fruity
281442,Fruity
108631,Fruity
233882,Fruity
317066,Fruity
219755,Fruity
223789,Fruity
250987,Fruity
271490,Fruity
227359,Fruity
250822,Fruity
221764,Fruity
325514,Fruity
423018,Fruity
206053,Fruity
302568,Fruity
133364,Fruity
317096,Fruity
280641,Fruity
25484,Fruity
121715,Fruity
72062,Fruity
127354,Fruity
196531,Fruity
306653,Fruity
59148,Fruity
383824,Fruity
373699,Fruity
371307,Fruity
367927,Fruity
265679,Fruity
270393,Fruity
171342,Fruity
280680,Fruity
250339,Fruity
425201,Fruity
189704,Fruity
223896,Fruity
34181,Fruity
321267,Fruity
456169,Fruity
535230,Fruity
418046,Fruity
166709,Fruity
222628,Fruity
254489,Fruity
275551,Fruity
75885,Fruity
390812,Fruity
294524,Fruity
4491,Fruity
503897,Fruity
348025,Fruity
456995,Fruity
257239,Fruity
394135,Fruity
422225,Fruity
176304,Fruity
42432,Fruity
173245,Fruity
27227,Fruity
382908,Fruity
79189,Fruity
329204,Fruity
379472,Fruity
32474,Fruity
27568,Fruity
128314,Fruity
196804,Fruity
16589,Fruity
250338,Fruity
172116,Fruity
320256,Fruity
118873,Fruity
423381,Fruity
49265,Fruity
310649,Fruity
30069,Fruity
373810,Fruity
245309,Fruity
117595,Fruity
320399,Fruity
171585,Fruity
29462,Fruity
100567,Fruity
282328,Fruity
313824,Fruity
15732,Fruity
247262,Fruity
310664,Fruity
458315,Fruity
146191,Fruity
375025,Fruity
367506,Fruity
131068,Fruity
54378,Fruity
190689,Fruity
455088,Fruity
338511,Fruity
482391,Fruity
278487,Fruity
221876,Fruity
302608,Fruity
223363,Fruity
512283,Fruity
298352,Fruity
308866,Fruity
231560,Fruity
457809,Fruity
57820,Fruity
251178,Fruity
228697,Fruity
225076,Fruity
282735,Fruity
423045,Fruity
211539,Fruity
312912,Fruity
379915,Fruity
81753,Fruity
369079,Fruity
279965,Fruity
311785,Fruity
227085,Fruity
303875,Fruity
313943,Fruity
229898,Fruity
161518,Fruity
453390,Fruity
300719,Fruity
275518,Fruity
372491,Fruity
284848,Fruity
60665,Fruity
147143,Fruity
315651,Fruity
334095,Fruity
161549,Fruity
388823,Fruity
342344,Fruity
376990,Fruity
457685,Fruity
240595,Fruity
383147,Fruity
451071,Fruity
353817,Fruity
233765,Fruity
387614,Fruity
174309,Fruity
375535,Fruity
163968,Fruity
171531,Fruity
305520,Fruity
309674,Fruity
149508,Fruity
35869,Fruity
114060,Fruity
244811,Fruity
292911,Fruity
367488,Fruity
176146,Fruity
43197,Fruity
321488,Fruity
244344,Fruity
356360,Fruity
178002,Fruity
431662,Fruity
376776,Fruity
235372,Fruity
329960,Fruity
261355,Fruity
405174,Fruity
231027,Fruity
103549,Fruity
253584,Fruity
421487,Fruity
58743,Fruity
253512,Fruity
384108,Fruity
251279,Fruity
373530,Fruity
14429,Fruity
456226,Fruity
44838,Fruity
250151,Fruity
261358,Fruity
483411,Fruity
478262,Fruity
272300,Fruity
180573,Fruity
36744,Fruity
92570,Fruity
259451,Fruity
36977,Fruity
279801,Fruity
346566,Fruity
534270,Fruity
27928,Fruity
424639,Fruity
370585,Fruity
320998,Fruity
456021,Fruity
365144,Fruity
262661,Fruity
166058,Fruity
379824,Fruity
374548,Fruity
307480,Fruity
188402,Fruity
123666,Fruity
45773,Fruity
324862,Fruity
457812,Fruity
527487,Fruity
41404,Fruity
180050,Fruity
335828,Fruity
68619,Fruity
175307,Fruity
482994,Fruity
37131,Fruity
86452,Fruity
123820,Fruity
31838,Fruity
164259,Fruity
407280,Fruity
58594,Fruity
329646,Fruity
34130,Fruity
55091,Fruity
327437,Fruity
456275,Fruity
310949,Fruity
49504,Fruity
19089,Fruity
331143,Fruity
132566,Fruity
322995,Fruity
172896,Fruity
312557,Fruity
14225,Fruity
369326,Fruity
5281,Fruity
223966,Fruity
475013,Fruity
172217,Fruity
213616,Fruity
231024,Fruity
387965,Fruity
280581,Fruity
317119,Fruity
223826,Fruity
480105,Fruity
232666,Fruity
287497,Fruity
455532,Fruity
45675,Fruity
200511,Fruity
175306,Fruity
323343,Fruity
266478,Fruity
484387,Fruity
458357,Fruity
260505,Fruity
376190,Fruity
251226,Fruity
433625,Fruity
166017,Fruity
57476,Fruity
264639,Fruity
299410,Fruity
151275,Fruity
240345,Fruity
264087,Fruity
205834,Fruity
194689,Fruity
203532,Fruity
333025,Fruity
48626,Fruity
451110,Fruity
251855,Fruity
310929,Fruity
334681,Fruity
310719,Fruity
333816,Fruity
298473,Fruity
228890,Fruity
422359,Fruity
164049,Fruity
318516,Fruity
424013,Fruity
39707,Fruity
334115,Fruity
351729,Fruity
197765,Fruity
455625,Fruity
353065,Fruity
391853,Fruity
118368,Fruity
335249,Fruity
34621,Fruity
315653,Fruity
325280,Fruity
459378,Fruity
45781,Fruity
395586,Fruity
246490,Fruity
131264,Fruity
79736,Fruity
233507,Fruity
215593,Fruity
318295,Fruity
60227,Fruity
214753,Fruity
230839,Fruity
232824,Fruity
282738,Fruity
30702,Fruity
442176,Fruity
229839,Fruity
122547,Fruity
302369,Fruity
364055,Fruity
182862,Fruity
122288,Fruity
351371,Fruity
338637,Fruity
14782,Fruity
210572,Fruity
172700,Fruity
389209,Fruity
111396,Fruity
459817,Fruity
65815,Fruity
425218,Fruity
437520,Fruity
379813,Fruity
13345,Fruity
279069,Fruity
16160,Fruity
468988,Fruity
35486,Fruity
290115,Fruity
300805,Fruity
262659,Fruity
457487,Fruity
230770,Fruity
304652,Fruity
174311,Fruity
335515,Fruity
282492,Fruity
172729,Fruity
470688,Fruity
171692,Fruity
484388,Fruity
258857,Fruity
224916,Fruity
445552,Fruity
270295,Fruity
219014,Fruity
167578,Fruity
40725,Fruity
87701,Fruity
255837,Fruity
368060,Fruity
189415,Fruity
311800,Fruity
273102,Fruity
216320,Fruity
232663,Fruity
492644,Fruity
237481,Fruity
269392,Fruity
382869,Fruity
272560,Fruity
95096,Fruity
290008,Fruity
174212,Fruity
495408,Fruity
184628,Fruity
255840,Fruity
116786,Fruity
187169,Fruity
257357,Fruity
14124,Fruity
245389,Fruity
260642,Fruity
181212,Fruity
229984,Fruity
8822,Fruity
215640,Fruity
245508,Fruity
250166,Fruity
468558,Fruity
334957,Fruity
532734,Fruity
96903,Fruity
8837,Fruity
173982,Fruity
364400,Fruity
161807,Fruity
192597,Fruity
236433,Fruity
172000,Fruity
372860,Fruity
418422,Fruity
384168,Fruity
465624,Fruity
174274,Fruity
440307,Fruity
430354,Fruity
42670,Fruity
248969,Fruity
268413,Fruity
215087,Fruity
383519,Fruity
190067,Fruity
250192,Fruity
259902,Fruity
70831,Fruity
214445,Fruity
176535,Fruity
75437,Fruity
457811,Fruity
387932,Fruity
260031,Fruity
183432,Fruity
298139,Fruity
357220,Fruity
218796,Fruity
282166,Fruity
393558,Fruity
68551,Fruity
258442,Fruity
276389,Fruity
424148,Fruity
414475,Fruity
368852,Fruity
503294,Fruity
15379,Fruity
51184,Fruity
371087,Fruity
264439,Fruity
456884,Fruity
99119,Fruity
263402,Fruity
56213,Fruity
163981,Fruity
427269,Fruity
76366,Fruity
265877,Fruity
224747,Fruity
179041,Fruity
14171,Fruity
527694,Fruity
491154,Fruity
246035,Fruity
107917,Fruity
430263,Fruity
370291,Fruity
148691,Fruity
456155,Fruity
292753,Fruity
305025,Fruity
343749,Fruity
237082,Fruity
292679,Fruity
167288,Fruity
122452,Fruity
258374,Fruity
220993,Fruity
349461,Fruity
270481,Fruity
245626,Fruity
142258,Fruity
429618,Fruity
349867,Fruity
256623,Fruity
503063,Fruity
522942,Fruity
55087,Fruity
424294,Fruity
145893,Fruity
95043,Fruity
163174,Fruity
233047,Fruity
369543,Fruity
483899,Fruity
278036,Fruity
322606,Fruity
302388,Fruity
250282,Fruity
183429,Fruity
202941,Fruity
432704,Fruity
342724,Fruity
93124,Fruity
164236,Fruity
216808,Fruity
388193,Fruity
483087,Fruity
94124,Fruity
182119,Fruity
204100,Fruity
265900,Fruity
232157,Fruity
209963,Fruity
251021,Fruity
272286,Fruity
490291,Fruity
60212,Fruity
188313,Fruity
425199,Fruity
338800,Fruity
249519,Fruity
327438,Fruity
504494,Fruity
480253,Fruity
136422,Fruity
348519,Fruity
270330,Fruity
342759,Fruity
244201,Fruity
239445,Fruity
254671,Fruity
237130,Fruity
229351,Fruity
248635,Fruity
461103,Fruity
325063,Fruity
209080,Fruity
307786,Fruity
15601,Fruity
369391,Fruity
69142,Fruity
149847,Fruity
314282,Fruity
186236,Fruity
535233,Fruity
175435,Fruity
402725,Fruity
56773,Fruity
295469,Fruity
195596,Fruity
94154,Fruity
262448,Fruity
104271,Fruity
63851,Fruity
232903,Fruity
279511,Fruity
55225,Fruity
353473,Fruity
327488,Fruity
68913,Fruity
255816,Fruity
357358,Fruity
178223,Fruity
258159,Fruity
32826,Fruity
246546,Fruity
517692,Fruity
320509,Fruity
454111,Fruity
34064,Fruity
118600,Fruity
189562,Fruity
246664,Fruity
369796,Fruity
368913,Fruity
378321,Fruity
203728,Fruity
254951,Fruity
128331,Fruity
422485,Fruity
504853,Fruity
303878,Fruity
226044,Fruity
335168,Fruity
401712,Fruity
219887,Fruity
85451,Fruity
14434,Fruity
356106,Fruity
411463,Fruity
258871,Fruity
413506,Fruity
259484,Fruity
243742,Fruity
284306,Fruity
81421,Fruity
179982,Fruity
474732,Fruity
189722,Fruity
212591,Fruity
283500,Fruity
273819,Fruity
202648,Fruity
310818,Fruity
251824,Fruity
276396,Fruity
261541,Fruity
114029,Fruity
46190,Fruity
369975,Fruity
292884,Fruity
139306,Fruity
173249,Fruity
385302,Fruity
271854,Fruity
53706,Fruity
405183,Fruity
247034,Fruity
106894,Fruity
245769,Fruity
373228,Fruity
515577,Fruity
447852,Fruity
434769,Fruity
293947,Fruity
250699,Fruity
304496,Fruity
165452,Fruity
372780,Fruity
302740,Fruity
178245,Fruity
291136,Fruity
428486,Fruity
147488,Fruity
333785,Fruity
293472,Fruity
254774,Fruity
106366,Fruity
429769,Fruity
62275,Fruity
277495,Fruity
252917,Fruity
259779,Fruity
374208,Fruity
232384,Fruity
264075,Fruity
48777,Fruity
334439,Fruity
288718,Fruity
45779,Fruity
34070,Fruity
269097,Fruity
441070,Fruity
149271,Fruity
245562,Fruity
368891,Fruity
282956,Fruity
373624,Fruity
300680,Fruity
253289,Fruity
320377,Fruity
96608,Fruity
270810,Fruity
155046,Fruity
206136,Fruity
239018,Fruity
191433,Fruity
108276,Fruity
174763,Fruity
320238,Fruity
43942,Fruity
254936,Fruity
307319,Fruity
162826,Fruity
227907,Fruity
243098,Fruity
328152,Fruity
260293,Fruity
210296,Fruity
467558,Fruity
320131,Fruity
265908,Fruity
289160,Fruity
94338,Fruity
255933,Fruity
338293,Fruity
327526,Herby
171497,Herby
118260,Herby
74103,Herby
488715,Herby
467700,Herby
217448,Herby
255841,Herby
429524,Herby
329026,Herby
130111,Herby
209243,Herby
473533,Herby
315406,Herby
121718,Herby
162940,Herby
175226,Herby
480484,Herby
271034,Herby
279926,Herby
16066,Herby
176774,Herby
247903,Herby
535229,Herby
328924,Herby
485836,Herby
70551,Herby
379363,Herby
133559,Herby
15495,Herby
305532,Herby
215314,Herby
185229,Herby
179781,Herby
421488,Herby
14224,Herby
429558,Herby
367697,Herby
346308,Mellow
119670,Mellow
80059,Mellow
305152,Mellow
254955,Mellow
15340,Mellow
426072,Mellow
279346,Mellow
176733,Mellow
280521,Mellow
424960,Mellow
252358,Mellow
286666,Mellow
215699,Mellow
290979,Mellow
156852,Mellow
227015,Mellow
386109,Mellow
326304,Mellow
318437,Mellow
319982,Mellow
312423,Mellow
29570,Mellow
134796,Mellow
20555,Mellow
290061,Mellow
152662,Mellow
232918,Mellow
511827,Mellow
103827,Mellow
296653,Mellow
369758,Mellow
341113,Minty
418327,Minty
236490,Minty
83498,Minty
269483,Minty
320846,Minty
418656,Minty
185827,Minty
55089,Minty
94495,Minty
167807,Minty
137027,Minty
238392,Minty
373746,Minty
507757,Minty
184197,Minty
99105,Minty
268065,Minty
236489,Minty
128779,Minty
322197,Minty
213191,Minty
517566,Minty
55384,Minty
504664,Minty
369847,Minty
80058,Minty
173255,Minty
127323,Minty
220198,Minty
15757,Minty
208513,Minty
258617,Minty
55088,Minty
279359,Minty
429764,Minty
173488,Minty
46107,Minty
313840,Minty
184200,Minty
149217,Minty
258564,Minty
216594,Minty
366921,Minty
66755,Minty
144769,Minty
58846,Minty
378218,Minty
217402,Minty
262900,Minty
377832,Minty
454839,Minty
113834,Minty
426700,Minty
303712,Minty
175181,Minty
377958,Fruity
329694,Sweet
346145,Sour
288320,Creamy
216384,Chocolatey
118297,Sweet
277907,Creamy
445432,Creamy
194279,Sweet
231023,Sweet
322623,Citrusy
150063,Creamy
116298,Sour
301030,Citrusy
161469,Fruity
312330,Sour
501171,Fruity
444261,Bitter
259896,Fruity
295570,Nutty
15514,Nutty
256689,Nutty
335462,Nutty
304018,Nutty
46186,Nutty
330840,Nutty
292860,Nutty
264909,Nutty
328104,Nutty
271402,Nutty
262145,Nutty
300883,Nutty
213053,Nutty
223648,Nutty
298655,Nutty
361431,Nutty
186129,Nutty
258307,Nutty
270542,Nutty
313997,Nutty
331848,Nutty
326786,Nutty
223668,Nutty
339388,Nutty
46288,Nutty
286332,Nutty
199607,Nutty
447505,Nutty
423848,Nutty
154179,Nutty
170960,Nutty
213529,Nutty
244809,Nutty
289770,Nutty
16574,Nutty
171287,Nutty
324964,Nutty
406792,Nutty
189602,Nutty
261888,Nutty
221196,Nutty
480229,Nutty
207294,Nutty
189601,Nutty
280253,Nutty
324128,Nutty
456954,Nutty
348117,Nutty
258712,Nutty
288537,Nutty
15536,Nutty
242760,Nutty
332635,Nutty
215870,Nutty
262566,Nutty
166333,Nutty
183801,Nutty
313491,Nutty
96572,Nutty
223669,Nutty
146213,Nutty
277137,Nutty
147426,Nutty
119735,Nutty
171496,Nutty
350616,Nutty
139667,Nutty
173566,Nutty
338804,Nutty
257005,Nutty
275046,Nutty
250783,Nutty
457808,Nutty
39062,Nutty
346216,Nutty
335816,Nutty
263628,Nutty
15616,Nutty
359366,Nutty
289301,Nutty
234292,Nutty
264808,Nutty
457046,Nutty
335566,Nutty
154181,Nutty
330056,Nutty
223829,Nutty
457033,Nutty
365403,Nutty
213034,Nutty
250075,Nutty
322199,Nutty
244250,Nutty
279689,Nutty
223691,Nutty
382693,Nutty
244175,Nutty
328189,Nutty
158084,Nutty
330843,Nutty
275011,Nutty
251276,Nutty
217999,Nutty
432653,Nutty
304905,Nutty
61358,Nutty
151064,Nutty
328604,Nutty
185480,Nutty
346251,Nutty
46099,Nutty
68068,Nutty
286525,Nutty
286478,Nutty
266147,Nutty
379855,Nutty
31085,Nutty
371425,Nutty
180696,Nutty
266057,Nutty
352833,Nutty
246849,Nutty
184346,Nutty
344031,Nutty
107249,Nutty
258297,Nutty
266056,Nutty
235174,Nutty
223898,Nutty
138725,Nutty
204386,Nutty
323379,Nutty
78921,Nutty
297721,Nutty
290930,Nutty
241558,Nutty
243102,Nutty
287518,Nutty
272138,Nutty
15715,Nutty
81170,Nutty
316617,Nutty
41134,Nutty
332766,Nutty
356961,Nutty
255278,Nutty
242350,Nutty
280859,Nutty
164333,Citrusy
319729,Refreshing
522939,Refreshing
210451,Refreshing
275330,Refreshing
482125,Refreshing
328169,Refreshing
66947,Refreshing
488561,Refreshing
325918,Refreshing
424919,Refreshing
217397,Refreshing
177955,Refreshing
389475,Refreshing
401913,Refreshing
289591,Refreshing
358765,Refreshing
251505,Refreshing
300187,Refreshing
275191,Refreshing
3507,Refreshing
527299,Refreshing
327485,Refreshing
237478,Refreshing
238818,Refreshing
480230,Refreshing
199925,Refreshing
504710,Refreshing
60506,Refreshing
444837,Savoury
94951,Savoury
292824,Savoury
12058,Savoury
444195,Savoury
34028,Savoury
64153,Savoury
387288,Savoury
56339,Savoury
76546,Savoury
131928,Savoury
52399,Savoury
429559,Mellow
424356,Mellow
101275,Creamy
367080,Sour
473508,Sour
306059,Sour
277777,Sour
31591,Sour
226234,Sour
157526,Sour
528393,Sour
8816,Sour
8442,Sour
188628,Sour
316544,Sour
277040,Sour
40131,Sour
55163,Sour
425482,Sour
301853,Sour
154194,Sour
431639,Sour
314719,Sour
210983,Sour
246842,Sour
313466,Sour
482806,Sour
134186,Sour
504571,Sour
129992,Sour
284312,Sour
76984,Sour
219209,Sour
58373,Sour
503965,Sour
173116,Sour
115298,Sour
256888,Sour
227943,Sour
334096,Sour
270197,Sour
89275,Sour
171863,Sour
425094,Sour
34848,Sour
459189,Sour
235224,Sour
108294,Sour
310175,Sour
416835,Sour
68906,Sour
180148,Sour
361989,Sour
369785,Sour
147236,Sour
127556,Sour
285941,Sour
268952,Sour
362496,Sour
250276,Sour
89967,Sour
445921,Sour
33847,Sour
40271,Sour
216891,Sour
225983,Sour
382429,Sour
517501,Sour
183097,Sour
431978,Sour
147397,Sour
116563,Sour
58559,Sour
318784,Sour
80143,Sour
16700,Sour
330091,Sour
199170,Sour
262944,Sour
174297,Sour
379190,Sour
180077,Sour
116132,Sour
73258,Sour
330100,Sour
193763,Sour
379883,Sour
321090,Sour
341122,Sour
251809,Sour
24970,Sour
197156,Sour
246260,Sour
249773,Sour
377966,Sour
163439,Sour
318512,Sour
397220,Sour
316265,Sour
253966,Sour
52694,Sour
254825,Sour
131925,Sour
301824,Sour
243479,Sour
75688,Sour
334702,Sour
186904,Sour
274715,Sour
454724,Sour
318378,Sour
17104,Sour
260064,Sour
127415,Sour
326246,Sour
161971,Sour
223418,Sour
285606,Sour
256887,Sour
27199,Sour
179477,Sour
305667,Sour
259627,Sour
292214,Sour
168807,Sour
36311,Sour
25578,Sour
279526,Sour
277324,Sour
149054,Sour
457383,Sour
253667,Sour
298246,Sour
263469,Sour
327109,Sour
258325,Sour
8730,Sour
209839,Sour
326113,Sour
310564,Sour
85476,Sour
143269,Sour
92502,Sour
398617,Sour
81423,Sour
485413,Sour
244731,Sour
66503,Sour
163325,Sour
125256,Sour
283958,Sour
320919,Sour
245071,Sour
254112,Sour
474794,Sour
255839,Sour
265892,Sour
221194,Sour
92073,Sour
327382,Sour
283998,Sour
69934,Sour
433552,Sour
299887,Sour
92728,Sour
125557,Sour
100269,Sour
231262,Sour
463883,Sour
303800,Sour
243106,Sour
422820,Sour
382871,Sour
323924,Sour
241759,Sour
502932,Sour
379023,Sour
451498,Sour
328621,Sour
247721,Sour
515629,Sour
363614,Sour
425110,Sour
329210,Sour
315364,Sour
115197,Sour
412565,Sour
223603,Sour
504914,Sour
271141,Sour
246837,Sour
462559,Sour
382875,Sour
423072,Sour
53334,Sour
421227,Sour
465208,Sour
198053,Sour
383915,Sour
122882,Sour
88364,Sour
482973,Sour
373199,Sour
247895,Sour
98218,Sour
73241,Sour
485111,Sour
183404,Sour
248795,Sour
332256,Sour
55093,Sour
253664,Sour
353632,Sour
347157,Sour
250815,Sour
304911,Sour
313357,Sour
330149,Sour
95625,Sour
70955,Sour
306120,Sour
57868,Sour
311311,Sour
225347,Sour
182702,Sour
181386,Sour
442328,Sour
93874,Sour
327969,Sour
227048,Sour
237233,Sour
246293,Sour
289875,Sour
199001,Sour
229164,Sour
170262,Sour
184751,Sour
214098,Sour
185579,Sour
350062,Sour
318482,Sour
417837,Sour
383091,Sour
423872,Sour
251306,Sour
138560,Sour
86557,Sour
178094,Sour
47057,Sour
185604,Sour
161977,Sour
13346,Sour
289640,Sour
170966,Sour
284536,Sour
304681,Sour
242073,Sour
243468,Sour
121433,Sour
21783,Sour
247042,Sour
312415,Sour
312388,Sour
315294,Sour
95879,Sour
250278,Sour
32458,Sour
172972,Sour
374521,Sour
384789,Sour
144405,Sour
103737,Sour
503878,Sour
24324,Sour
369713,Sour
112330,Sour
149033,Sour
299514,Sour
167289,Sour
73446,Sour
271323,Sour
180734,Sour
115912,Sour
308061,Sour
98221,Sour
231135,Sour
49310,Sour
326819,Sour
349647,Sour
292140,Sour
299915,Sour
157691,Sour
498523,Sour
429561,Sour
93338,Sour
81401,Sour
284326,Sour
63241,Sour
232501,Sour
285088,Sour
307582,Sour
533118,Sour
481784,Sour
163484,Sour
149211,Sour
153867,Sour
122032,Sour
313104,Sour
223750,Sour
45859,Sour
202413,Sour
112156,Sour
30342,Sour
299313,Sour
208461,Sour
268717,Sour
328203,Sour
239757,Sour
209719,Sour
355051,Sour
430842,Sour
464681,Sour
235628,Sour
483789,Sour
321805,Sour
210607,Sour
380698,Sour
204070,Sour
335992,Sour
178148,Sour
61620,Sour
349759,Sour
167763,Sour
375631,Sour
234474,Sour
169872,Sour
26010,Sour
140590,Sour
169303,Sour
533130,Sour
212791,Sour
340733,Sour
355047,Sour
433959,Sour
166112,Sour
168476,Sour
287388,Sour
379437,Sour
503431,Sour
316118,Sour
8818,Sour
104921,Sour
65503,Sour
71090,Sour
168085,Sour
330085,Sour
191999,Sour
175148,Sour
352953,Sour
454535,Sour
164468,Sour
111361,Sour
196551,Sour
178156,Sour
54448,Sour
250284,Sour
385448,Sour
228424,Sour
174091,Sour
182337,Sour
377992,Sour
309585,Sour
164739,Sour
347238,Sour
16148,Sour
455580,Sour
31693,Sour
99645,Sour
104498,Sour
228449,Sour
15611,Sour
321345,Sour
369080,Sour
422488,Sour
251561,Sour
383011,Sour
327296,Sour
85408,Sour
75604,Sour
482190,Sour
231854,Sour
72866,Sour
91164,Sour
270579,Sour
290330,Sour
84613,Sour
87613,Sour
113625,Sour
303738,Sour
381897,Sour
323851,Sour
228635,Sour
401460,Sour
382797,Sour
391825,Sour
166279,Sour
218992,Sour
280489,Sour
334100,Sour
38932,Sour
235616,Sour
424481,Sour
55877,Sour
237957,Sour
33755,Sour
85498,Sour
93851,Sour
383764,Sour
91520,Sour
262686,Sour
185484,Sour
355747,Sour
266704,Sour
374941,Sour
269082,Sour
155730,Sour
504821,Sour
110156,Sour
242722,Sour
323174,Sour
63124,Sour
372901,Sour
73214,Sour
318510,Sour
219663,Sour
502884,Sour
264641,Sour
254487,Sour
285566,Sour
255818,Sour
325012,Sour
423088,Sour
475007,Sour
424879,Sour
99410,Sour
284324,Sour
40778,Sour
291506,Sour
457234,Sour
88023,Sour
167884,Sour
128927,Sour
249706,Sour
340028,Sour
192108,Sour
52321,Sour
245988,Sour
251301,Sour
225979,Sour
80106,Sour
348114,Sour
327490,Sour
255325,Sour
307684,Sour
64184,Sour
401537,Sour
238006,Sour
345855,Sour
178485,Sour
379784,Sour
375606,Sour
133939,Sour
429096,Sour
430904,Sour
167513,Sour
475321,Sour
293470,Sour
128304,Sour
202872,Sour
212139,Sour
30428,Sour
57390,Sour
274760,Sour
37533,Sour
293338,Sour
454533,Sour
15813,Sour
345034,Sour
260325,Sour
217133,Sour
97693,Sour
13315,Sour
441205,Sour
220250,Sour
278897,Sour
94863,Sour
308394,Sour
145220,Sour
91829,Sour
91077,Sour
8882,Sour
263450,Sour
115397,Sour
296066,Sour
91309,Sour
306127,Sour
271827,Sour
133730,Sour
433796,Sour
289874,Sour
351319,Sour
451462,Sour
25073,Sour
413449,Sour
13264,Sour
483769,Sour
493324,Sour
259219,Sour
174016,Sour
164002,Sour
309664,Sour
483973,Sour
443502,Sour
166284,Sour
178648,Sour
316670,Sour
450588,Sour
8832,Sour
175736,Sour
227926,Sour
32766,Sour
465219,Sour
281285,Sour
58012,Sour
59741,Sour
229089,Sour
317216,Sour
279565,Sour
317190,Sour
495345,Sour
315267,Sour
493320,Sour
263303,Sour
306714,Sour
237967,Sour
91491,Sour
67342,Sour
240394,Sour
7670,Sour
49228,Sour
370537,Sour
396515,Sour
204913,Sour
287244,Sour
242023,Sour
280848,Sour
456415,Sour
318576,Sour
8875,Sour
14700,Sour
251232,Sour
403280,Sour
343756,Sour
258872,Sour
319393,Sour
115300,Sour
7946,Sour
320833,Sour
455021,Sour
335495,Sour
60549,Sour
298254,Sour
45782,Sour
523275,Sour
193230,Sour
517565,Sour
209976,Sour
425638,Sour
8443,Sour
85527,Sour
423401,Sour
80994,Sour
281336,Sour
157973,Sour
359488,Sour
427237,Sour
344158,Sour
272755,Sour
314330,Sour
186110,Sour
8863,Sour
137463,Sour
32686,Sour
375019,Sour
209715,Sour
304854,Sour
312178,Sour
65903,Sour
384476,Sour
438767,Sour
345237,Sour
40509,Sour
293870,Sour
129661,Sour
455490,Sour
303717,Sour
372782,Sour
15666,Sour
483258,Sour
29609,Sour
59742,Sour
346967,Sour
231026,Sour
249855,Sour
345806,Sour
455496,Sour
235017,Sour
287873,Sour
325174,Sour
221203,Sour
28881,Sour
135107,Sour
272670,Sour
104738,Sour
79170,Sour
236337,Sour
315159,Sour
174385,Sour
33351,Sour
351232,Sour
233696,Sour
230818,Sour
99141,Sour
353586,Sour
252680,Sour
314534,Sour
181133,Sour
177878,Sour
290151,Sour
240135,Sour
391943,Sour
72038,Sour
115301,Sour
126806,Sour
429288,Sour
298931,Sour
163847,Sour
377995,Sour
271812,Sour
264072,Sour
133650,Sour
267604,Sour
210409,Sour
116106,Sour
71089,Sour
465202,Sour
331950,Sour
277606,Sour
163973,Sour
379121,Sour
312318,Sour
483325,Sour
420792,Sour
178637,Sour
379059,Sour
275604,Sour
34765,Sour
252143,Sour
269416,Sour
252507,Sour
264636,Sour
306178,Sour
317493,Sour
523276,Sour
282238,Sour
227316,Sour
93741,Sour
148701,Sour
320671,Sour
420634,Sour
234344,Sour
274962,Sour
116195,Sour
355052,Sour
225991,Sour
349219,Sour
203153,Sour
166758,Sour
36220,Sour
477085,Sour
241845,Sour
231487,Sour
257512,Sour
373221,Sour
390147,Sour
237000,Sour
390120,Sour
60510,Sour
58730,Sour
243483,Sour
311215,Sour
475250,Sour
433547,Sour
104740,Sour
433261,Sour
163845,Sour
429550,Spicy
98410,Spicy
235003,Spicy
255860,Spicy
78833,Spicy
59043,Spicy
192440,Spicy
221629,Spicy
469723,Spicy
277152,Spicy
345528,Spicy
228631,Spicy
99561,Spicy
254519,Spicy
230684,Spicy
326846,Spicy
407705,Spicy
77800,Spicy
290578,Spicy
99123,Spicy
202922,Spicy
189490,Spicy
121039,Spicy
197871,Spicy
115078,Spicy
154456,Spicy
300769,Spicy
265566,Spicy
321173,Spicy
355329,Spicy
108567,Spicy
74070,Spicy
291263,Spicy
262969,Spicy
33218,Spicy
319373,Spicy
344704,Spicy
77790,Spicy
269982,Spicy
162235,Spicy
151058,Spicy
193594,Spicy
39116,Spicy
339018,Spicy
321182,Spicy
46490,Spicy
325923,Spicy
305595,Spicy
72637,Spicy
364106,Spicy
75601,Spicy
314335,Spicy
44545,Spicy
242025,Spicy
13267,Spicy
50797,Spicy
476461,Spicy
390722,Spicy
379033,Spicy
270005,Spicy
474631,Spicy
338808,Spicy
406217,Spicy
321972,Spicy
372963,Spicy
332250,Spicy
79958,Spicy
243271,Spicy
232849,Spicy
270645,Spicy
401291,Spicy
8525,Spicy
201813,Spicy
276089,Spicy
186261,Spicy
505119,Spicy
391598,Spicy
325750,Spicy
230414,Spicy
188013,Spicy
424136,Spicy
404705,Spicy
459539,Spicy
329172,Spicy
102005,Spicy
245842,Spicy
210159,Spicy
296497,Spicy
114227,Spicy
356404,Spicy
236249,Spicy
285613,Spicy
393061,Spicy
29162,Spicy
283393,Spicy
197178,Spicy
202658,Spicy
284986,Spicy
152984,Spicy
51784,Spicy
265626,Spicy
16491,Spicy
301024,Spicy
220262,Spicy
117483,Spicy
272371,Spicy
331231,Spicy
271030,Spicy
8871,Spicy
200439,Spicy
273105,Spicy
467697,Spicy
317173,Spicy
290479,Spicy
424134,Spicy
286474,Spicy
202507,Spicy
235381,Spicy
14430,Spicy
276213,Spicy
187160,Spicy
401699,Spicy
105180,Spicy
272674,Spicy
211253,Spicy
322157,Spicy
41011,Spicy
231995,Spicy
239156,Spicy
338333,Spicy
40846,Spicy
306179,Spicy
124853,Spicy
265452,Spicy
146719,Spicy
215444,Spicy
147332,Spicy
203848,Spicy
117582,Spicy
283518,Spicy
263987,Spicy
202105,Spicy
294579,Spicy
153549,Spicy
513212,Spicy
328129,Spicy
493717,Spicy
449283,Spicy
259632,Spicy
265178,Spicy
147780,Spicy
221546,Spicy
262629,Spicy
360189,Spicy
427204,Spicy
364035,Spicy
269369,Spicy
349760,Spicy
307177,Spicy
357137,Spicy
347355,Spicy
373173,Spicy
458189,Spicy
183661,Spicy
330974,Spicy
257335,Spicy
355063,Spicy
13642,Spicy
72028,Spicy
193738,Spicy
213531,Spicy
326409,Spicy
93756,Spicy
175149,Spicy
40495,Spicy
373804,Spicy
511930,Spicy
503744,Spicy
320794,Spicy
56516,Sweet
67208,Sweet
202716,Sweet
317942,Sweet
426066,Sweet
503641,Sweet
148635,Sweet
270487,Sweet
456498,Sweet
253725,Sweet
278504,Sweet
369982,Sweet
349952,Sweet
32818,Sweet
245412,Sweet
279301,Sweet
202112,Sweet
345886,Sweet
276095,Sweet
332217,Sweet
347800,Sweet
433358,Sweet
98203,Sweet
80075,Sweet
217083,Sweet
77180,Sweet
331885,Sweet
431784,Sweet
442883,Sweet
286579,Sweet
166180,Sweet
511933,Sweet
269280,Sweet
220201,Sweet
58945,Sweet
242928,Sweet
67680,Sweet
443197,Sweet
255331,Sweet
456419,Sweet
164903,Sweet
253727,Sweet
249470,Sweet
340206,Sweet
258651,Sweet
252232,Sweet
130977,Sweet
322729,Sweet
476715,Sweet
346770,Sweet
199775,Sweet
259226,Sweet
501854,Sweet
396000,Sweet
199533,Sweet
139587,Sweet
164253,Sweet
147538,Sweet
217549,Sweet
251020,Sweet
286717,Sweet
292678,Sweet
433515,Sweet
192813,Sweet
364253,Sweet
485159,Sweet
215899,Sweet
292681,Sweet
250163,Sweet
299554,Sweet
470862,Sweet
275810,Sweet
309268,Sweet
115411,Sweet
170910,Sweet
184627,Sweet
260641,Sweet
270199,Sweet
266779,Sweet
163971,Sweet
511085,Sweet
327778,Sweet
88604,Sweet
53772,Sweet
227166,Sweet
179481,Sweet
481351,Sweet
13021,Sweet
184329,Sweet
275202,Sweet
281241,Sweet
345014,Sweet
29781,Sweet
296888,Sweet
94819,Sweet
475679,Sweet
179482,Sweet
297839,Sweet
200351,Sweet
232772,Sweet
249052,Sweet
227101,Sweet
403656,Sweet
224908,Sweet
255326,Sweet
227103,Sweet
148864,Sweet
247141,Sweet
242211,Sweet
253962,Sweet
322795,Sweet
142499,Sweet
325381,Sweet
126607,Sweet
8824,Sweet
332069,Sweet
128717,Sweet
436795,Sweet
143220,Sweet
30974,Sweet
134484,Sweet
314820,Sweet
228520,Sweet
176415,Sweet
290202,Sweet
294532,Sweet
28715,Sweet
455734,Sweet
72956,Sweet
318525,Sweet
272605,Sweet
252237,Sweet
335609,Sweet
423847,Sweet
169648,Sweet
310711,Sweet
285133,Sweet
123552,Sweet
328206,Sweet
161973,Sweet
213532,Sweet
483263,Sweet
201060,Sweet
155731,Sweet
217528,Sweet
120932,Sweet
164176,Sweet
34928,Sweet
179483,Sweet
298765,Sweet
458148,Sweet
168412,Sweet
462909,Sweet
294526,Sweet
457293,Sweet
185518,Sweet
468624,Sweet
365205,Sweet
382135,Sweet
319670,Sweet
280880,Sweet
167609,Sweet
76304,Sweet
448174,Sweet
246964,Sweet
303241,Sweet
184328,Sweet
99646,Sweet
46097,Sweet
339035,Sweet
43622,Sweet
75921,Sweet
286386,Sweet
216535,Sweet
456642,Sweet
331271,Sweet
190690,Sweet
96166,Sweet
13377,Sweet
277499,Sweet
486468,Sweet
251302,Sweet
159087,Sweet
298476,Sweet
313930,Sweet
294678,Sweet
405700,Sweet
445220,Sweet
184235,Sweet
151063,Sweet
219809,Sweet
279078,Sweet
286448,Sweet
17793,Sweet
31910,Sweet
60352,Sweet
299073,Sweet
274909,Sweet
420992,Sweet
220267,Sweet
281053,Sweet
278049,Sweet
115403,Sweet
348747,Sweet
16350,Sweet
162998,Sweet
213028,Sweet
312980,Sweet
128252,Sweet
309161,Sweet
107938,Sweet
325530,Sweet
268330,Sweet
221135,Sweet
134983,Sweet
106944,Sweet
286518,Sweet
180470,Sweet
213528,Sweet
327696,Sweet
90821,Sweet
322119,Sweet
268875,Sweet
341088,Sweet
457915,Sweet
150312,Sweet
283458,Sweet
217536,Sweet
242485,Sweet
303739,Sweet
81236,Sweet
234519,Sweet
291601,Sweet
307764,Sweet
46545,Sweet
43624,Sweet
185363,Sweet
223827,Sweet
292889,Sweet
181600,Sweet
263988,Sweet
288431,Sweet
173268,Sweet
250168,Sweet
294327,Sweet
248339,Sweet
356684,Sweet
222567,Sweet
290942,Sweet
451460,Sweet
182648,Sweet
422491,Sweet
206655,Sweet
238073,Sweet
176870,Sweet
404871,Sweet
235646,Sweet
364209,Sweet
363047,Sweet
279868,Sweet
425435,Sweet
128192,Sweet
354590,Sweet
219705,Sweet
318574,Sweet
213057,Sweet
158205,Sweet
373296,Sweet
249695,Sweet
217405,Sweet
276196,Sweet
95236,Sweet
177186,Sweet
299059,Sweet
326108,Sweet
496354,Sweet
270292,Sweet
503336,Sweet
402489,Sweet
223478,Sweet
228135,Sweet
77795,Sweet
309558,Sweet
352940,Sweet
422544,Sweet
8532,Sweet
217541,Sweet
266027,Sweet
351098,Sweet
346814,Sweet
373158,Sweet
30317,Sweet
238933,Sweet
485657,Sweet
142111,Sweet
292937,Sweet
258864,Sweet
88440,Sweet
78362,Sweet
118200,Sweet
175747,Sweet
272463,Sweet
268073,Sweet
292857,Sweet
176544,Sweet
374444,Sweet
250764,Sweet
94459,Sweet
293073,Sweet
60451,Sweet
402958,Sweet
167546,Sweet
270687,Sweet
139433,Sweet
214576,Sweet
320500,Sweet
239876,Sweet
180081,Sweet
265891,Sweet
242099,Sweet
267554,Sweet
297570,Sweet
149749,Sweet
424865,Sweet
63296,Sweet
425350,Sweet
297630,Sweet
114645,Sweet
253724,Sweet
248554,Sweet
116924,Sweet
250778,Sweet
468507,Sweet
57886,Sweet
245541,Sweet
122224,Sweet
107050,Sweet
272602,Sweet
29803,Sweet
15438,Sweet
64662,Sweet
204765,Sweet
230643,Sweet
270454,Sweet
286813,Sweet
236257,Sweet
159188,Sweet
105480,Sweet
91577,Sweet
65404,Sweet
330870,Sweet
287493,Sweet
219375,Sweet
257444,Sweet
72059,Sweet
214518,Sweet
93870,Sweet
196685,Sweet
87550,Sweet
382537,Sweet
338163,Sweet
297517,Sweet
251687,Sweet
193845,Sweet
351422,Sweet
262592,Sweet
265896,Sweet
219921,Sweet
219708,Sweet
275784,Sweet
213194,Sweet
293984,Sweet
485536,Sweet
289178,Sweet
220241,Sweet
176671,Sweet
360561,Sweet
281075,Sweet
458277,Sweet
238566,Sweet
299873,Sweet
231530,Sweet
61857,Sweet
260188,Sweet
189135,Sweet
113487,Sweet
84941,Sweet
63608,Sweet
290614,Sweet
304537,Sweet
222991,Sweet
236364,Sweet
244578,Sweet
54583,Sweet
173259,Sweet
106992,Sweet
402474,Sweet
329040,Sweet
320501,Sweet
255082,Sweet
170594,Sweet
289310,Sweet
222998,Sweet
455162,Sweet
82221,Sweet
358496,Sweet
188391,Sweet
107273,Sweet
15961,Sweet
258788,Sweet
281936,Sweet
271150,Sweet
292899,Sweet
311025,Sweet
247006,Sweet
270209,Sweet
164175,Sweet
96504,Sweet
262717,Sweet
291850,Sweet
249488,Sweet
229362,Sweet
368228,Sweet
419029,Sweet
339553,Sweet
337325,Sweet
252241,Sweet
18259,Sweet
330864,Sweet
340753,Sweet
292119,Sweet
143272,Sweet
75969,Sweet
290445,Sweet
96348,Sweet
82265,Sweet
198547,Sweet
487069,Sweet
257442,Sweet
235399,Sweet
213195,Sweet
217183,Sweet
213147,Sweet
151626,Sweet
238464,Sweet
220556,Sweet
380564,Sweet
173651,Sweet
375460,Sweet
30392,Sweet
291366,Sweet
15706,Sweet
286618,Sweet
57885,Sweet
133347,Sweet
220199,Sweet
41303,Sweet
458180,Sweet
286468,Sweet
292292,Sweet
243991,Sweet
251512,Sweet
139939,Sweet
333597,Sweet
258665,Sweet
379166,Sweet
326180,Sweet
150111,Sweet
213190,Sweet
255285,Sweet
317175,Sweet
171001,Sweet
319098,Sweet
185230,Sweet
252365,Sweet
253723,Sweet
239812,Sweet
18611,Sweet
315679,Sweet
427249,Sweet
273938,Sweet
219440,Sweet
374335,Sweet
220178,Sweet
322079,Sweet
150227,Sweet
298644,Sweet
135636,Sweet
321408,Sweet
401923,Sweet
329230,Sweet
12325,Sweet
445393,Sweet
322924,Sweet
258081,Sweet
249513,Sweet
198711,Sweet
423963,Sweet
29105,Sweet
292706,Sweet
251257,Sweet
359323,Sweet
55094,Sweet
91522,Sweet
207386,Sweet
303714,Sweet
298166,Sweet
315657,Sweet
471040,Sweet
146259,Sweet
245414,Sweet
157690,Sweet
179495,Sweet
174277,Sweet
369105,Sweet
459235,Sweet
339034,Sweet
503301,Sweet
16086,Sweet
19391,Sweet
16653,Sweet
246384,Sweet
195219,Sweet
134982,Sweet
176210,Sweet
77324,Sweet
293467,Sweet
341543,Sweet
216589,Sweet
199303,Sweet
328714,Sweet
269863,Sweet
72392,Sweet
220650,Sweet
372948,Sweet
16677,Sweet
318805,Sweet
261332,Sweet
329231,Sweet
196377,Sweet
221153,Sweet
51565,Sweet
336945,Sweet
297740,Sweet
257475,Sweet
147772,Sweet
121445,Sweet
270387,Sweet
180971,Sweet
275547,Sweet
473112,Sweet
103528,Sweet
249484,Sweet
216028,Sweet
34121,Sweet
262236,Sweet
200469,Sweet
239118,Sweet
429019,Sweet
286679,Sweet
83030,Sweet
257047,Sweet
200697,Sweet
54910,Sweet
246503,Sweet
393306,Sweet
94363,Sweet
285373,Sweet
259452,Sweet
60354,Sweet
307352,Sweet
58750,Sweet
173864,Sweet
220304,Sweet
240253,Sweet
145254,Sweet
253455,Sweet
258560,Sweet
49227,Tangy
294828,Tangy
268954,Tangy
122439,Tangy
106765,Tangy
54447,Tangy
288055,Tangy
236278,Tangy
222474,Tangy
113058,Tangy
176480,Tangy
422974,Tangy
320802,Tangy
167218,Tangy
13545,Tangy
90298,Tangy
423165,Tangy
347992,Tangy
223190,Tangy
268953,Tangy
365438,Tangy
253665,Tangy
109007,Tangy
432143,Tart
55806,Tart
439880,Tart
446717,Tart
133187,Tart
219015,Tart
204520,Tart
161567,Tart
51849,Tart
362836,Tart
11414,Tart
90058,Tart
392800,Tart
111167,Tart
151117,Tart
470715,Tart
429565,Tart
92836,Tart
423600,Tart
440645,Tart
31916,Tart
95291,Tart
97239,Tart
462911,Tart
284323,Tart
352926,Tart
166948,Tropical
232119,Tropical
59231,Tropical
354082,Tropical
36635,Tropical
517500,Tropical
377167,Tropical
324268,Tropical
271411,Tropical
514388,Tropical
343103,Tropical
8874,Tropical
210601,Tropical
68026,Tropical
280616,Tropical
227753,Tropical
457081,Tropical
298294,Tropical
320615,Tropical
145435,Tropical
427189,Tropical
31928,Tropical
104374,Tropical
484107,Tropical
369284,Tropical
479103,Tropical
117624,Tropical
291782,Tropical
240125,Tropical
166675,Tropical
456273,Tropical
45777,Tropical
70591,Tropical
35232,Tropical
235161,Tropical
338301,Tropical
371787,Tropical
258994,Tropical
373775,Tropical
319017,Tropical
27582,Tropical
220309,Tropical
34066,Tropical
455495,Tropical
120546,Tropical
122990,Tropical
114158,Tropical
536044,Tropical
228501,Tropical
45769,Tropical
428320,Tropical
505619,Tropical
421779,Tropical
384497,Tropical
373409,Tropical
166673,Tropical
125458,Tropical
370031,Tropical
304061,Tropical
480711,Tropical
233732,Tropical
93339,Tropical
238838,Winey
290326,Winey
97482,Winey
44024,Winey
